ASIN,Brand,Marketplace,Keyword,FetchedAt
B07CYVDSF4,Nike,US,nike,2025-09-05 22:22:42
B0DYL5M84X,Nike,US,nike,2025-09-05 22:22:42
B00K5CN73A,Nike,US,nike,2025-09-05 22:22:42
B0DYN327RQ,Unknown Brand,US,nike,2025-09-05 22:22:42
B0DYMXYXYB,Unknown Brand,US,nike,2025-09-05 22:22:42
B0DYMWB8DY,Unknown Brand,US,nike,2025-09-05 22:22:42
B08WV3DW85,"3,317",US,nike,2025-09-05 22:22:42
B08G1ZTJN3,"3,614",US,nike,2025-09-05 22:22:42
B08G8WZT5H,"10,364",US,nike,2025-09-05 22:22:42
B087N3M22Q,"6,112",US,nike,2025-09-05 22:22:42
B08QBJFKF3,Nike,US,nike,2025-09-05 22:22:42
B0959JT4PV,Nike,US,nike,2025-09-05 22:22:42
B07KCDC1V2,Nike,US,nike,2025-09-05 22:22:42
B08Q9W5GMT,Nike,US,nike,2025-09-05 22:22:42
B0CT6384WM,Nike,US,nike,2025-09-05 22:22:42
B07GP4NP86,Nike,US,nike,2025-09-05 22:22:42
B0D965MWV1,Nike,US,nike,2025-09-05 22:22:42
B08G1ZB4ZZ,Nike,US,nike,2025-09-05 22:22:42
B0CGYSJSNN,790,US,nike,2025-09-05 22:22:42
B07KMBNGWV,Nike,US,nike,2025-09-05 22:22:42
B0CTSFKTV9,ChoiceApparel,US,nike,2025-09-05 22:22:42
B00CBMSNW2,Nike,US,nike,2025-09-05 22:22:42
B0DVHVC59F,Nike,US,nike,2025-09-05 22:22:42
B0F7TRTW8K,Nike,US,nike,2025-09-05 22:22:42
B0D226C9BN,ELLSWOS,US,nike,2025-09-05 22:22:42
B094QM3Q1D,MAIKANONG,US,nike,2025-09-05 22:22:42
B0CSFK2LMV,NORTHYARD,US,nike,2025-09-05 22:22:42
B0FCWLZPMQ,Nike,US,nike,2025-09-05 22:22:42
B09YPMMVJ8,Nike,US,nike,2025-09-05 22:22:42
B0CQGS72QF,Nike,US,nike,2025-09-05 22:22:42
B0CZHH57ZY,Nike,US,nike,2025-09-05 22:22:42
B00E5LSX5Y,Nike,US,nike,2025-09-05 22:22:42
B0CD5SKQ9T,352,US,nike,2025-09-05 22:22:42
B0BS3J74ZG,Opomelo,US,nike,2025-09-05 22:22:42
B0CH8V3BM6,"1,151",US,nike,2025-09-05 22:22:42
B0CBKYNND3,COOFANDY,US,nike,2025-09-05 22:22:42
B01HK4Y3KG,Nike,US,nike,2025-09-05 22:22:42
B007QXSE7A,Nike,US,nike,2025-09-05 22:22:42
B0C4PMVVHC,Nike,US,nike,2025-09-05 22:22:42
B0D1YDLSYX,Nike,US,nike,2025-09-05 22:22:42
B0CXF7SVR6,M MAELREG,US,nike,2025-09-05 22:22:42
B0D6NH5MV4,Hanes,US,nike,2025-09-05 22:22:42
B0CGHBN8VL,CANGHPGIN,US,nike,2025-09-05 22:22:42
B08TQWYCY2,Nike,US,nike,2025-09-05 22:22:42
B01KIRNTB6,Nike,US,nike,2025-09-05 22:22:42
B0DNKRS63R,Nike,US,nike,2025-09-05 22:22:42
B0C34G8YD7,Nike,US,nike,2025-09-05 22:22:42
B0CRXK2GDS,Nike,US,nike,2025-09-05 22:22:42
B09NMJ4T89,Nike,US,nike,2025-09-05 22:22:42
B0B6FWX6HR,Nike,US,nike,2025-09-05 22:22:42
B0B341YM9H,Nike,US,nike,2025-09-05 22:22:42
B0C4LVGM18,Nike,US,nike,2025-09-05 22:22:42
B0CTMYK2YG,Nike,US,nike,2025-09-05 22:22:42
B071X5CN5J,Nike,US,nike,2025-09-05 22:22:42
B0DZ72D22B,Nike,US,nike,2025-09-05 22:22:42
B07KD7JDRS,Nike,US,nike,2025-09-05 22:22:42
B082MG2NY5,Nike,US,nike,2025-09-05 22:22:42
B0CMYCHMFH,Nike,US,nike,2025-09-05 22:22:42
B003Y9BOUE,Nike,US,nike,2025-09-05 22:22:42
B09MF3B7F3,Nike,US,nike,2025-09-05 22:22:42
B0DYKYGRZ2,Nike,US,nike,2025-09-05 22:22:42
B0DJ9SLPZ3,Nike,US,nike,2025-09-05 22:22:42
B08Q9Q27GQ,Nike,US,nike,2025-09-05 22:22:42
B0BG8MTZL9,Nike,US,nike,2025-09-05 22:22:42
B0DYVSKN5L,Nike,US,nike,2025-09-05 22:22:42
B005UA30LG,Nike,US,nike,2025-09-05 22:22:42
B092QW5RGX,"44,285",US,nike,2025-09-05 22:22:42
B075B7788K,"8,774",US,nike,2025-09-05 22:22:42
B0B4S6W8QP,"3,143",US,nike,2025-09-05 22:22:42
B09D3T2M86,"4,349",US,nike,2025-09-05 22:22:42
B0D1MST4N4,208,US,nike,2025-09-05 22:22:42
B0C6KWBNLK,COOFANDY,US,nike,2025-09-05 22:22:42
B07FKCKCHW,Nike,US,nike,2025-09-05 22:22:42
B0059CVBWK,Nike,US,nike,2025-09-05 22:22:42
B0C5X8191R,Nike,US,nike,2025-09-05 22:22:42
B077ZZ64HC,Unknown Brand,US,nike,2025-09-05 22:22:42
B005HJO87K,Nike,US,nike,2025-09-05 22:22:42
B00I40VJ3U,Nike,US,nike,2025-09-05 22:22:42
B0BQ6JWHMJ,Nike,US,nike,2025-09-05 22:22:42
B0CZHG3TNV,Nike,US,nike,2025-09-05 22:22:42
B007T43YF8,Nike,US,nike,2025-09-05 22:22:42
B0B6G51931,63,US,nike,2025-09-05 22:22:42
B0D2DJWPZW,87,US,nike,2025-09-05 22:22:42
B08Q9W5VXH,"2,947",US,nike,2025-09-05 22:22:42
B0CT61N4JQ,Nike,US,nike,2025-09-05 22:22:42
B08XB6XMR4,Kricely,US,nike,2025-09-05 22:22:42
B098YPZPXV,Nike,US,nike,2025-09-05 22:22:42
B0DYL6MSVL,Nike,US,nike,2025-09-05 22:22:42
B0CLYXLPNB,Nike,US,nike,2025-09-05 22:22:42
B0BPPL9CT1,Nike,US,nike,2025-09-05 22:22:42
B0FCWM48ZJ,Nike,US,nike,2025-09-05 22:22:42
B0CD5T76VV,352,US,nike,2025-09-05 22:22:42
B0B4ZM3RH2,"1,075",US,nike,2025-09-05 22:22:42
B0DYGBGNDC,Nike,US,nike,2025-09-05 22:22:42
B00K5CVNGI,Nike,US,nike,2025-09-05 22:22:42
B08QBF4FG1,Nike,US,nike,2025-09-05 22:22:42
B07G2NG7VG,Nike,US,nike,2025-09-05 22:22:42
B0DH89K684,JWJ,US,nike,2025-09-05 22:22:42
B0C64RR7LN,MAGCOMSEN,US,nike,2025-09-05 22:22:42
B004LBHPOS,Nike,US,nike,2025-09-05 22:22:42
B0C4PHVX6S,Nike,US,nike,2025-09-05 22:22:42
B07QNKRT1M,Nike,US,nike,2025-09-05 22:22:42
B0D9KLGBD4,Nike,US,nike,2025-09-05 22:22:42
B08QBPPFWY,Nike,US,nike,2025-09-05 22:22:42
B07KD85245,Nike,US,nike,2025-09-05 22:22:42
B0DVWZFSMC,Nike,US,nike,2025-09-05 22:22:42
B0C31DV82G,Nike,US,nike,2025-09-05 22:22:42
B07GR291CN,Nike,US,nike,2025-09-05 22:22:42
B08JVFYQK1,Nike,US,nike,2025-09-05 22:22:42
B0DJGBWQ9R,Nike,US,nike,2025-09-05 22:22:42
B01HGTMOVA,Nike,US,nike,2025-09-05 22:22:42
B08N581GXF,Nike,US,nike,2025-09-05 22:22:42
B0D1Y6HK8T,Nike,US,nike,2025-09-05 22:22:42
B0DCX98DVN,Nike,US,nike,2025-09-05 22:22:42
B08PKK39MY,Nike,US,nike,2025-09-05 22:22:42
B07BR4DWHG,Nike,US,nike,2025-09-05 22:22:42
B07KD8XCVP,Nike,US,nike,2025-09-05 22:22:42
B0C3F9R394,Nike,US,nike,2025-09-05 22:22:42
B07GBHD5YZ,Nike,US,nike,2025-09-05 22:22:42
B0DJGC1GKZ,Nike,US,nike,2025-09-05 22:22:42
B0B9QVZ41G,Nike,US,nike,2025-09-05 22:22:42
B082DMX4DG,Nike,US,nike,2025-09-05 22:22:42
B0C5Z2P75V,Nike,US,nike,2025-09-05 22:22:42
B09YTMK689,Nike,US,nike,2025-09-05 22:22:42
B0DHSJMGXM,Nike,US,nike,2025-09-05 22:22:42
B07KR1K2D6,Nike,US,nike,2025-09-05 22:22:42
B0CTMYH2KG,Nike,US,nike,2025-09-05 22:22:42
B0B6G66B5T,Nike,US,nike,2025-09-05 22:22:42
B078WZXT7C,Nike,US,nike,2025-09-05 22:22:42
B0DNHX9D15,Nike,US,nike,2025-09-05 22:22:42
B0C4GT8GJG,"16,382",US,nike,2025-09-05 22:22:42
B0DRFC1LN5,850,US,nike,2025-09-05 22:22:42
B0BQ1XSHY8,"3,221",US,nike,2025-09-05 22:22:42
B0C5ZYQC3M,"1,833",US,nike,2025-09-05 22:22:42
B0DK6V27RK,199,US,nike,2025-09-05 22:22:42
B08NYFPGQ8,Nike,US,nike,2025-09-05 22:22:42
B08S433P6Y,Nike,US,nike,2025-09-05 22:22:42
B0059CIMV8,Nike,US,nike,2025-09-05 22:22:42
B07Q5GSYX8,Nike,US,nike,2025-09-05 22:22:42
B0B6FTJBX7,Nike,US,nike,2025-09-05 22:22:42
B09NMJ4T5H,Nike,US,nike,2025-09-05 22:22:42
B0CLT472CC,Nike,US,nike,2025-09-05 22:22:42
B07KD8ZG2K,Nike,US,nike,2025-09-05 22:22:42
B01L9US588,930,US,nike,2025-09-05 22:22:42
B0D14YKXB1,Nike,US,nike,2025-09-05 22:22:42
B0D6NHJK73,Hanes,US,nike,2025-09-05 22:22:42
B09MHPSWY2,ZITY,US,nike,2025-09-05 22:22:42
B07DCNCPTR,Nike,US,nike,2025-09-05 22:22:42
B07FKG6X2S,Nike,US,nike,2025-09-05 22:22:42
B0036DYUZO,Nike,US,nike,2025-09-05 22:22:42
B0DP2S36Y6,Nike,US,nike,2025-09-05 22:22:42
B07HP7GKSP,Nike,US,nike,2025-09-05 22:22:42
B00CJMKCRS,Nike,US,nike,2025-09-05 22:22:42
B0CSKR6JH1,Nike,US,nike,2025-09-05 22:22:42
B088XWQ8TH,Nike,US,nike,2025-09-05 22:22:42
B09P3J99L2,"1,392",US,nike,2025-09-05 22:22:42
B0CCNNM6WT,COOFANDY,US,nike,2025-09-05 22:22:42
B0D82R34DJ,Nike,US,nike,2025-09-05 22:22:42
B07YQHJ22C,Nike,US,nike,2025-09-05 22:22:42
B00K6P04NW,Nike,US,nike,2025-09-05 22:22:42
B07KM9JDM9,Nike,US,nike,2025-09-05 22:22:42
B0DYGB1MF1,Nike,US,nike,2025-09-05 22:22:42
B0C5ZCZFTN,Nike,US,nike,2025-09-05 22:22:42
B0B25BR7J5,Nike,US,nike,2025-09-05 22:22:42
B0CVFD1KB9,Nike,US,nike,2025-09-05 22:22:42
B0F84GKSLB,Nike,US,nike,2025-09-05 22:22:42
B01GQMWI5K,Nike,US,nike,2025-09-05 22:22:42
B07BPLHMFQ,Nike,US,nike,2025-09-05 22:22:42
B08NYHYT7G,Nike,US,nike,2025-09-05 22:22:42
B08QB1Q844,Nike,US,nike,2025-09-05 22:22:42
B07KD8PDXS,Nike,US,nike,2025-09-05 22:22:42
B00LJBUCDE,Nike,US,nike,2025-09-05 22:22:42
B07H4LSKGL,Nike,US,nike,2025-09-05 22:22:42
B07FKDNS2V,Nike,US,nike,2025-09-05 22:22:42
B08L774L6J,Nike,US,nike,2025-09-05 22:22:42
B07MGBZYBH,Nike,US,nike,2025-09-05 22:22:42
B08SQD2RGV,Nike,US,nike,2025-09-05 22:22:42
B0F2KVWH8N,Nike,US,nike,2025-09-05 22:22:42
B0CMPC2FBN,Nike,US,nike,2025-09-05 22:22:42
B08KGZWXFS,"3,614",US,nike,2025-09-05 22:22:42
B0D2DC1YYV,Nike,US,nike,2025-09-05 22:22:42
B0CGS12CQD,Nike,US,nike,2025-09-05 22:22:42
B0F7N6RSDB,Nike,US,nike,2025-09-05 22:22:42
B0F7TGDT6X,Nike,US,nike,2025-09-05 22:22:42
B08CZXZJ1K,Nike,US,nike,2025-09-05 22:22:42
B01AZ7JHNI,Nike,US,nike,2025-09-05 22:22:42
B0C6VDD7NX,"3,041",US,nike,2025-09-05 22:22:42
B07QQSY2YM,Nike,US,nike,2025-09-05 22:22:42
B0FCFLJVD6,COOFANDY,US,nike,2025-09-05 22:22:42
B0DHCBQCCP,Nike,US,nike,2025-09-05 22:22:42
B0988WL2M8,Nike,US,nike,2025-09-05 22:22:42
B0DTDZ7F9R,57,US,nike,2025-09-05 22:22:42
B0B6G8QW6Y,63,US,nike,2025-09-05 22:22:42
B07YY44JGS,Nike,US,nike,2025-09-05 22:22:42
B0FDS3VTYS,Nike,US,nike,2025-09-05 22:22:42
B0BKVQKZ25,Nike,US,nike,2025-09-05 22:22:42
B0F84L4W92,Nike,US,nike,2025-09-05 22:22:42
B0FM3BTN1N,Nike,US,nike,2025-09-05 22:22:42
B08NYK8W7N,Nike,US,nike,2025-09-05 22:22:42
B089VN59RW,VKTRY,US,nike,2025-09-05 22:22:42
B0D6J441G2,Nike,US,nike,2025-09-05 22:22:42
B0761YF56R,Nike,US,nike,2025-09-05 22:22:42
B0F7TVD77F,Nike,US,nike,2025-09-05 22:22:42
B006H6FT34,Nike,US,nike,2025-09-05 22:22:42
B0DW22NMSK,Nike,US,nike,2025-09-05 22:22:42
B0BNP6B61P,Nike,US,nike,2025-09-05 22:22:42
B008NLCPG0,Nike,US,nike,2025-09-05 22:22:42
B0713XVLP6,Nike,US,nike,2025-09-05 22:22:42
B07KD7G4Y8,Nike,US,nike,2025-09-05 22:22:42
B0C861KBNB,Nike,US,nike,2025-09-05 22:22:42
B0D45VBZZ9,Nike,US,nike,2025-09-05 22:22:42
B00W61IITQ,Nike,US,nike,2025-09-05 22:22:42
B07Q1X7FCF,Nike,US,nike,2025-09-05 22:22:42
B004TTX8AM,Nike,US,nike,2025-09-05 22:22:42
B004PSTUXQ,Nike,US,nike,2025-09-05 22:22:42
B0BW1CGP2C,Nike,US,nike,2025-09-05 22:22:42
B0D2DDGVD1,Nike,US,nike,2025-09-05 22:22:42
B0CZY2NF8M,Nike,US,nike,2025-09-05 22:22:42
B071947SKW,Nike,US,nike,2025-09-05 22:22:42
B09W77CH6C,Nike,US,nike,2025-09-05 22:22:42
B004XE22DM,Nike,US,nike,2025-09-05 22:22:42
B0CB79JWQC,Nike,US,nike,2025-09-05 22:22:42
B0DKCNN1M7,Nike,US,nike,2025-09-05 22:22:42
B00BRI44U6,Nike,US,nike,2025-09-05 22:22:42
B0DVX246N2,Nike,US,nike,2025-09-05 22:22:42
B0F7TRL1Y3,Nike,US,nike,2025-09-05 22:22:42
B0DS6LY3K1,Nike,US,nike,2025-09-05 22:22:42
B0DWN4JQN1,Nike,US,nike,2025-09-05 22:22:42
B0CLSCDGK6,Nike,US,nike,2025-09-05 22:22:42
B07HP6CJJN,Nike,US,nike,2025-09-05 22:22:42
B0BH5BLXR2,Nike,US,nike,2025-09-05 22:22:42
B0BSMPYZH7,Nike,US,nike,2025-09-05 22:22:42
B0B1QTLL3S,Nike,US,nike,2025-09-05 22:22:42
B0DT5476DX,Nike,US,nike,2025-09-05 22:22:42
B0DCKCNDRX,Nike,US,nike,2025-09-05 22:23:55
B0BX8W9JDS,Nike,US,nike,2025-09-05 22:23:55
B0FLZBPYCV,Nike,US,nike,2025-09-05 22:23:55
B0F5N7HH4X,Nike,US,nike,2025-09-05 22:23:55
B09DBG25R1,Nike,US,nike,2025-09-05 22:23:55
B0FPMXCQZK,Nike,US,nike,2025-09-05 22:23:55
B0FHLGK55K,Unknown Brand,US,nike,2025-09-05 22:23:55
B0F9VRD2LK,1,US,nike,2025-09-05 22:23:55
B0FCW7WQDP,Nike,US,nike,2025-09-05 22:23:55
B0CSFHTJVR,NORTHYARD,US,nike,2025-09-05 22:23:55
B0D6NJLDJ1,Hanes,US,nike,2025-09-05 22:23:55
B0C9MDHMXM,457,US,nike,2025-09-05 22:23:55
B0F8FBH7SN,Nike,US,nike,2025-09-05 22:23:55
B0F6N3G21P,Nike,US,nike,2025-09-05 22:23:55
B0CKZ8XJJ5,Nike,US,nike,2025-09-05 22:23:55
B0D95LSWMX,Nike,US,nike,2025-09-05 22:23:55
B0C6KVPQG8,COOFANDY,US,nike,2025-09-05 22:23:55
B0BN24GD2Y,"2,160",US,nike,2025-09-05 22:23:55
B0FP7TPPFG,Nike,US,nike,2025-09-05 22:23:55
B0FJHQVMSD,Nike,US,nike,2025-09-05 22:23:55
B0FPBSKQP2,Nike,US,nike,2025-09-05 22:23:55
B0DYKRQW9G,Nike,US,nike,2025-09-05 22:23:55
B0FGL25S7X,Nike,US,nike,2025-09-05 22:23:55
B0FPJ5DKW4,Nike,US,nike,2025-09-05 22:23:55
B0FGKTB1X4,Nike,US,nike,2025-09-05 22:23:55
B099S4CM3J,Nike,US,nike,2025-09-05 22:23:55
B0DYL7XL6V,Nike,US,nike,2025-09-05 22:23:55
B0F2GWDN3P,Nike,US,nike,2025-09-05 22:23:55
B0FPJ6BXSH,Nike,US,nike,2025-09-05 22:23:55
B0FPWJHK35,Nike,US,nike,2025-09-05 22:23:55
B0FPWN9NWN,Nike,US,nike,2025-09-05 22:23:55
B0FPWYCW8R,Nike,US,nike,2025-09-05 22:23:55
B0FPWK1JHV,Nike,US,nike,2025-09-05 22:23:55
B0DJMLSFHM,Nike,US,nike,2025-09-05 22:23:55
B0DBZYMNXB,Nike,US,nike,2025-09-05 22:23:55
B08KLM4D4F,Nike,US,nike,2025-09-05 22:23:55
B0D5C9PR4F,Nike,US,nike,2025-09-05 22:23:55
B078NYCBWX,Nike,US,nike,2025-09-05 22:23:55
B0BFM5YHVM,Nike,US,nike,2025-09-05 22:23:55
B0CTMY1T1D,Nike,US,nike,2025-09-05 22:23:55
B006H6FHIG,Nike,US,nike,2025-09-05 22:23:55
B0F2JM65BZ,Nike,US,nike,2025-09-05 22:23:55
B0CLYXLRC6,Nike,US,nike,2025-09-05 22:23:55
B07PYTNLW5,Nike,US,nike,2025-09-05 22:23:55
B0DRWDPN3M,Nike,US,nike,2025-09-05 22:23:55
B0D47GNTFK,Nike,US,nike,2025-09-05 22:23:55
B0D9P75HHM,Nike,US,nike,2025-09-05 22:23:55
B0CK7T2KCD,Nike,US,nike,2025-09-05 22:23:55
B0DVTHHYSW,Nike,US,nike,2025-09-05 22:23:55
B0DCSSR95Y,"16,382",US,nike,2025-09-05 22:23:55
B0DX5N355Z,255,US,nike,2025-09-05 22:23:55
B09W94ZZBC,"2,875",US,nike,2025-09-05 22:23:55
B0D6NHQPJB,Hanes,US,nike,2025-09-05 22:23:55
B0915TTM7J,Nike,US,nike,2025-09-05 22:23:55
B0B825QZ2F,Nike,US,nike,2025-09-05 22:23:55
B008X44FXI,Nike,US,nike,2025-09-05 22:23:55
B0CVDGH23J,Nike,US,nike,2025-09-05 22:23:55
B0789TN4H9,Nike,US,nike,2025-09-05 22:23:55
B09QK73M7B,Nike,US,nike,2025-09-05 22:23:55
B0BNJKKVVB,"1,492",US,nike,2025-09-05 22:23:55
B0B2TKW6MH,"1,483",US,nike,2025-09-05 22:23:55
B07YHB5XVX,Nike,US,nike,2025-09-05 22:23:55
B07YN2QWD6,Nike,US,nike,2025-09-05 22:23:55
B097S4YX8P,Nike,US,nike,2025-09-05 22:23:55
B0CNY569LP,Nike,US,nike,2025-09-05 22:23:55
B0DCZSDTCD,Nike,US,nike,2025-09-05 22:23:55
B0BFFKCRGF,Nike,US,nike,2025-09-05 22:23:55
B0BSMWQSCH,Nike,US,nike,2025-09-05 22:23:55
B0CLRHHXNZ,maamgic,US,nike,2025-09-05 22:23:55
B098R19PYD,ZITY,US,nike,2025-09-05 22:23:55
B00E5LSYU8,Nike,US,nike,2025-09-05 22:23:55
B0CZHHB7G4,Nike,US,nike,2025-09-05 22:23:55
B0C2X82497,Nike,US,nike,2025-09-05 22:23:55
B013GJG65E,Nike,US,nike,2025-09-05 22:23:55
B0DJYW148V,Nike,US,nike,2025-09-05 22:23:55
B0DP2S5P93,Nike,US,nike,2025-09-05 22:23:55
B09BHRPCT5,Nike,US,nike,2025-09-05 22:23:55
B000G3PT1Q,Nike,US,nike,2025-09-05 22:23:55
B09TBLJQ5K,Nike,US,nike,2025-09-05 22:23:55
B071WLSX4D,Nike,US,nike,2025-09-05 22:23:55
B00M0JH9EY,Nike,US,nike,2025-09-05 22:23:55
B0DYJ441R8,Nike,US,nike,2025-09-05 22:23:55
B0DP2W883Q,Nike,US,nike,2025-09-05 22:23:55
B0B51WN1N9,Nike,US,nike,2025-09-05 22:23:55
B00JMKLNAA,Nike,US,nike,2025-09-05 22:23:55
B0C9JCCSXY,Nike,US,nike,2025-09-05 22:23:55
B0BX6XF5T6,Nike,US,nike,2025-09-05 22:23:55
B01K07N766,Nike,US,nike,2025-09-05 22:23:55
B0774XXT39,Nike,US,nike,2025-09-05 22:23:55
B098PC3XWQ,Nike,US,nike,2025-09-05 22:23:55
B0C6V7VN4Z,"3,041",US,nike,2025-09-05 22:23:55
B0D15VDMGQ,Nike,US,nike,2025-09-05 22:23:55
B07FKDS37J,Nike,US,nike,2025-09-05 22:23:55
B0CCSLFG1L,Nike,US,nike,2025-09-05 22:23:55
B008C27OBG,Nike,US,nike,2025-09-05 22:23:55
B00LEWC5EW,Nike,US,nike,2025-09-05 22:23:55
B0C612Q3GG,"1,833",US,nike,2025-09-05 22:23:55
B01MA3OJW2,754,US,nike,2025-09-05 22:23:55
B0CCNNNG1K,COOFANDY,US,nike,2025-09-05 22:23:55
B0CPPYM9W7,Nike,US,nike,2025-09-05 22:23:55
B0F9HNM8V8,Nike,US,nike,2025-09-05 22:23:55
B0B6FS7LGK,Nike,US,nike,2025-09-05 22:23:55
B07KMBM14W,Nike,US,nike,2025-09-05 22:23:55
B0CJY99CB4,Nike,US,nike,2025-09-05 22:23:55
B0C79BXTLL,Nike,US,nike,2025-09-05 22:23:55
B094DWDHT6,Nike,US,nike,2025-09-05 22:23:55
B0F5BY6ZXX,Nike,US,nike,2025-09-05 22:23:55
B0C8THZHJ5,Nike,US,nike,2025-09-05 22:23:55
B0D1YGLWF7,Nike,US,nike,2025-09-05 22:23:55
B01K5YKEA6,Nike,US,nike,2025-09-05 22:23:55
B07P6SP479,Nike,US,nike,2025-09-05 22:23:55
B0CGLX87TP,BAMBOO COOL,US,nike,2025-09-05 22:23:55
B09NMKLNHD,Nike,US,nike,2025-09-05 22:23:55
B07MGC4Y25,Nike,US,nike,2025-09-05 22:23:55
B08TR7Y16H,Nike,US,nike,2025-09-05 22:23:55
B07VFFBQJ6,5Mayi,US,nike,2025-09-05 22:23:55
B0CVJ9TZ19,Nike,US,nike,2025-09-05 22:23:55
B0DG9R8D7Y,Hanes,US,nike,2025-09-05 22:23:55
B09H7DP2Z8,Unknown Brand,US,nike,2025-09-05 22:23:55
B0BQRB7QBB,458,US,nike,2025-09-05 22:23:55
B09PF8R454,Champion,US,nike,2025-09-05 22:23:55
B0CCNPMBS8,319,US,nike,2025-09-05 22:23:55
B07SQ565HK,K-Swiss,US,nike,2025-09-05 22:23:55
B0CSK9WK85,54,US,nike,2025-09-05 22:23:55
B078WF5VHW,83,US,nike,2025-09-05 22:23:55
B0FCVVW4D8,Nike,US,nike,2025-09-05 22:23:55
B00T4473LC,Nike,US,nike,2025-09-05 22:23:55
B0B6G4BL4L,63,US,nike,2025-09-05 22:23:55
B07HP5M3VQ,35,US,nike,2025-09-05 22:23:55
B0CQNZQGL8,6,US,nike,2025-09-05 22:23:55
B0CWYN1MK4,Unknown Brand,US,nike,2025-09-05 22:23:55
B0D6NHHRP5,Hanes,US,nike,2025-09-05 22:23:55
B0DGB7ZTW4,Hanes,US,nike,2025-09-05 22:23:55
B094QMVYRP,Unknown Brand,US,nike,2025-09-05 22:24:46
B07C4PVLMP,Unknown Brand,US,nike,2025-09-05 22:24:46
B0DLWWLPVX,Unknown Brand,US,nike,2025-09-05 22:24:46
B09TP1X5JJ,Unknown Brand,US,nike,2025-09-05 22:24:46
B0CWVMMJKQ,Unknown Brand,US,nike,2025-09-05 22:24:46
B0CT2DQDX6,Unknown Brand,US,nike,2025-09-05 22:24:46
B0CCNMFHG4,Unknown Brand,US,nike,2025-09-05 22:24:46
B09ZJW5TTM,Unknown Brand,US,nike,2025-09-05 22:24:46
B08YRSN645,Unknown Brand,US,nike,2025-09-05 22:24:46
